decil,clientes,prob_promedio,tasa_impago_real,impagos,impagos_capturados_acum
1,598,0.01215365741169727,0.011705685618729096,7,1.0
2,597,0.01673862423110002,0.020100502512562814,12,0.9843400447427293
3,597,0.021089201171279222,0.023450586264656615,14,0.9574944071588367
4,597,0.026256883231221544,0.035175879396984924,21,0.9261744966442953
5,597,0.03303726904657394,0.03685092127303183,22,0.8791946308724832
6,597,0.04148038467768049,0.03350083752093802,20,0.8299776286353467
7,597,0.054688031692771845,0.05695142378559464,34,0.785234899328859
8,597,0.0771010712884022,0.07370184254606366,44,0.70917225950783
9,597,0.1264786749992361,0.10887772194304858,65,0.610738255033557
10,597,0.36328595309910083,0.34840871021775544,208,0.465324384787472
