variable,importancia
mora_90_dias,0.07514154221481366
utilizacion_credito,0.04372589327514513
mora_30_59_dias,0.030105198871874083
edad,0.018191272737875908
mora_60_89_dias,0.017586792309175082
tuvo_mora_grave,0.0031055860374173292
ingreso_por_persona,0.0007633154977993106
total_moras,0.0007386924172251286
ingreso_mensual,0.00040247397162189723
dependientes,0.0003347605000429077
ingreso_imputado,4.754522466126066e-05
ratio_deuda,-1.1339576580615685e-06
creditos_hipotecarios,-0.00015486621729547955
lineas_credito_abiertas,-0.0002646171191968527
